Question,Answer
What is the primary purpose of a mine shaft in a mine plan layout?,The mine shaft serves as the main access opening for the mine.
"Besides access, what essential facilities are typically included within a mine shaft's design?","Facilities include material handling systems, methods for transporting miners and materials, hoisting systems, ventilation arrangements, drainage systems, power supply, and communication systems."
What is the role of hoisting systems in a mine shaft?,Hoisting systems are crucial for the vertical transport of miners and materials within the mine shaft.
Why is ventilation a critical consideration in mine shaft design?,Proper ventilation is essential to ensure a safe and healthy working environment for the miners.
What infrastructure is necessary to ensure communication within the mine shaft?import os,A dedicated communication system is included in the mine shaft design to maintain effective communication between different areas of the mine.
What are the three main location-based factors influencing mine development?,"Ease of transport of materials, availability of labor and support services, and the operational impacts of climate and weather."
What are some key aspects of the topography and terrain considered in mine development?,"The topography and terrain itself, which includes the overall landscape and its features."
What geological factors are considered when planning a mine?,"Mineralogy, petrography, structure, ore body genesis, rock temperature gradient, the presence of water, and rock mechanics properties (strength, deformation, hardness, abrasiveness)."
"How do ""rock mechanics properties"" affect mine development?","The strength, deformation, hardness, and abrasiveness of the rocks influence mine design, stability, and the methods used for extraction."
What is the significance of chemical and metallurgical properties in mine development?,"These properties determine how effectively the ore can be stored, processed, and smelted, impacting the economic viability of the mining operation."
"What is the first step in the mine development sequence, as described in the text?","The first step is the erection of a mineral processing plant (if needed), ore-handling and shipment facilities, and the provision of stockpiling and waste disposal facilities."
What is involved in the selection of mining equipment for mine development?,"The selection of mining equipment involves choosing the appropriate equipment for both the development and exploitation phases of the mine, acquiring it as needed."
"What types of openings are constructed during mine development, and how do they differ for surface and underground mining?","Main access openings to the ore body, along with secondary openings as required, are constructed. In surface mining, this includes advanced stripping. In underground mining, it includes shafts and other subsurface facilities."
What does the recruitment and training phase of mine development encompass?,"This phase involves recruiting and training a labor force and providing support services such as housing, transportation, and consumer stores. It also considers the social, political, and economic needs of employees."
"Beyond the immediate physical aspects of mine development, what other important considerations are highlighted in the text?","The text emphasizes the importance of considering the social, political, and economic needs of the employees in addition to the physical aspects of mine development (equipment, facilities, openings)."
What are shafts in the context of mining?,Shafts are vertical or near-vertical tunnels constructed to provide access to an underground mine.
What is the primary purpose of constructing shafts in mines?,"Shafts provide access to underground mines, allowing miners to reach and extract ore bodies."
What type of orientation do mine shafts typically have?,Mine shafts are typically vertical or near-vertical.
How common are shafts as a method of accessing deep ore bodies?,Shafts are one of the most common methods used to reach ore bodies located deep below the Earth's surface.
What is the relationship between shafts and the location of ore bodies?,"Shafts are built to provide access to ore bodies situated deep beneath the surface, making extraction possible."
How many access openings are required in a mine plan layout involving shafts?,Two access openings are required.
Under what conditions is a vertical shaft with hoisting the most suitable option for mine access?,"Vertical shafts are best for deep horizontal (<30°), vertical to steeply inclined (>70°) deposits with bad natural conditions. They offer high production and a long life."
What are the advantages of using an inclined shaft with hoisting?,"Inclined shafts are suitable for moderately inclined (30-70°) deposits, offering moderate conditions. They shorten horizontal development and allow exploration during sinking, though production and life are low to moderate."
What are the limitations of using a slope or decline with haulage for mine access?,"Slopes or declines are limited to 12° with trucks and 20° with conveyors. They are best for shallow, horizontal deposits."
When is a drift or adit with haulage the most appropriate choice for mine access?,"Drifts or adits are suitable for shallow outcrop, horizontal deposits, or steeply inclined deposits in areas with high relief and varied conditions. They offer high production and long life."
What is the primary purpose of cross-cuts in the early stages of mining?,"In the early stages of mining, cross-cuts are primarily used for exploration. By cutting across the ore body, they allow geologists and mine planners to gather information about the deposit's size, grade, and orientation."
What kind of information do geologists and mine planners obtain from cross-cuts?,"Cross-cuts provide information about the size, grade (quality/concentration of ore), and orientation (direction and angle) of the ore deposit."
"Besides exploration, what other crucial role do cross-cuts play in mining?","Cross-cuts also serve as secondary escape routes in emergency situations, thereby improving the overall safety of the mine."
How do cross-cuts enhance mine safety?,"By providing alternative escape routes, cross-cuts offer a crucial safety measure in case of emergencies within the mine."
When in the mining process are cross-cuts most commonly utilized for exploration?,Cross-cuts are most often used for exploration during the early stages of mining.
What is one key cost advantage of decline mining compared to vertical shaft mining?,Decline mining is more cost-effective than vertical shaft mining for shallow to intermediate ore deposits.
In what types of geological settings are declines easier to construct?,Declines are easier to construct in soft rock geological settings.
What is a dual purpose that decline mining can serve?,Decline mining can provide access to the ore body and also serve as a transport route for materials.
What is a significant limitation of decline mining?,Decline mining is limited to deposits where the ore body is located at a relatively shallow depth.
Under what conditions can decline mining be inefficient?,Decline mining can be inefficient when transporting large volumes of ore from very deep deposits.
What is the depth range and construction cost of a vertical shaft?,Vertical shafts are deep (>1000 m) and have a high construction cost.
How does the transport efficiency compare between shafts and declines?,"Shafts are very efficient or efficient for transport, while declines are only moderately efficient."
What type of ore bodies are best suited for access via an adit?,Adits are best suited for accessing surface or near-surface ore bodies.
What is the difference in construction cost between a decline and an adit?,"Declines have a moderate construction cost, while adits have a low construction cost."
For what types of ore bodies are inclined shafts typically used?,Inclined shafts are commonly used to access steeply inclined ore bodies and deep deposits.
What is the central concept illustrated in the diagram?,"The central concept is the ""5W1H"" framework, a method for gathering information by asking questions that begin with ""who,"" ""what,"" ""where,"" ""when,"" ""why,"" and ""how."""
"What does the ""Who"" element in the 5W1H framework refer to?","The ""Who"" element refers to the individuals or groups involved or affected by the subject matter being analyzed or developed."
"How does the ""When"" element contribute to understanding development?","The ""When"" element establishes the timeframe of the development process, helping to track progress, milestones, and deadlines."
"What type of information does the ""How"" element seek to reveal?","The ""How"" element seeks information about the methods, processes, or steps involved in the development process. It aims to understand the mechanisms used to achieve a goal."
What is the overall purpose of using the 5W1H framework in development?,"The 5W1H framework provides a structured approach to thoroughly understand all aspects of a development project, ensuring comprehensive planning and effective execution by clarifying essential details."
What types of surface infrastructure are typically included in a mine plan layout?,"A mine plan layout includes access roads, parking, transportation facilities, power supplies and utilities, service and maintenance buildings, administration and personnel buildings, a mineral processing plant, bulk storage areas, waste disposal facilities (for air, water, and solids), and facilities related to shafts, declines, adits, and storage bins."
What is the purpose of the mineral processing plant in a mine's surface layout?,The mineral processing plant is where the extracted ore is processed to separate the valuable minerals from the waste rock.
What kinds of waste disposal facilities are typically found in a mine's surface layout?,"Waste disposal facilities manage waste from the mining operations, including air emissions, wastewater, and solid waste."
What is the significance of access roads and transportation facilities in a mine's surface plan?,"Access roads and transportation facilities are crucial for transporting equipment, personnel, materials (both in and out), and the extracted ore to and from the mine site."
"Besides processing facilities, what other types of buildings are commonly included in a mine's surface layout?","In addition to the processing plant, a mine's surface layout typically includes service and maintenance buildings, administration buildings, and personnel buildings (offices and accommodations)."
What is the primary goal in determining the interval between mining levels?,To achieve the lowest overall mining cost.
How does the configuration of a mineral deposit influence level spacing?,The configuration of the mineral deposit and the chosen mining method take precedence over other factors when determining the location and spacing of levels.
How do development costs and exploitation costs behave as the number of levels increases?,"Development costs (constructing and equipping) increase with more levels, while exploitation costs (extraction) decrease."
What is the recommended approach to finding the optimal interval between levels?,"Calculate development, exploitation, and overall mining costs for various intervals, plot the results, and select the interval corresponding to the lowest overall cost."
What impact does mechanization have on the preferred spacing of mining levels?,"Mechanization allows for fewer levels, with preferred intervals of 30-90 meters and 90-240 meters."
What are the four main categories of factors influencing mine development?,"Social, economic, political, and environmental factors all play a role in mine development."
How does the local population's characteristics impact mine development?,The demographic makeup and occupational skills of the local population influence the feasibility and success of a mining operation.
What is the significance of political stability in the host country for mine development?,"A politically stable host country is crucial for successful mine development, as instability can disrupt operations and create risks."
What environmental regulations are relevant to mine development?,"Pollution legislation concerning air, water, and waste disposal significantly impacts mine development and operations."
"Besides pollution regulations, what other governmental influences affect mine development?","Governmental aids, such as subsidies or tax breaks, and restrictions, like permits or land use limitations, also shape mine development."
What is an adit?,An adit is a horizontal or nearly horizontal tunnel driven into the side of a hill or mountain to access an ore body. They are typically used for shallow ore bodies near the surface.
How are adits typically constructed and used?,"Adits are driven from a hillside or mountainside, providing a direct route into the ore body. They are often used for initial exploration or development of shallow mines."
What is the primary function of an adit?,The primary function of an adit is to provide access to ore bodies and serve as a means for ventilation and escape.
"Besides access, what other functions do adits serve?","Besides providing access, adits also serve for ventilation, drainage of groundwater, and transport of materials, ores, and waste rock."
For what types of ore bodies are adits most commonly used?,Adits are most commonly used for shallow ore bodies located at or near the surface.
What is a cross-cut in metal mining?,"In metal mining, a cross-cut is an important underground excavation used to access and explore ore bodies or to establish mining routes connecting different parts of the mine."
What is the orientation of cross-cuts relative to the ore body?,Cross-cuts are horizontal or slightly inclined tunnels driven perpendicular to the strike of the ore body.
What is another term sometimes used for cross-cuts?,"Cross-cuts are sometimes referred to as ""drifts."""
What is the primary purpose of cross-cuts in mining operations?,Cross-cuts are essential for efficient mining and ore extraction. They allow access to ore bodies and create connections between different parts of the mine.
What type of mining activity are cross-cuts associated with?,Cross-cuts are associated with underground metal mining.
What is the most common type of shaft used in deep underground mines?,Vertical shafts are the most common type used in deep underground mines.
How deep can vertical shafts extend?,Vertical shafts can extend several kilometers deep.
What are the primary uses of vertical shafts in mining?,"Vertical shafts are used for transporting workers, equipment, and materials, as well as for ventilation."
At what angle to the horizontal do inclined shafts typically slope?,Inclined shafts usually slope at angles between 15 and 45 degrees.
Under what circumstances are inclined shafts preferred over vertical shafts?,Inclined shafts are typically used when the ore body is situated at a steep angle or when constructing a vertical shaft would be too costly or impractical. They also offer better access for certain mining methods in steeply dipping ore bodies.
What is the difference between a raise and a winze?,"A raise is a secondary or tertiary opening driven upward between levels, while a winze is driven downward. Both are vertical or near-vertical."
What is the purpose of a ramp in underground excavation?,"A ramp is an inclined opening used to connect levels, typically moving downward, and facilitating haulage (transport of materials)."
How is a room defined in the context of excavation?,"A room is a horizontal exploitation opening, usually found within a bedded deposit."
What is the primary function of a shaft in underground mining?,A shaft is a primary vertical or near-vertical opening that connects the surface with underground workings.
"What is a slot, and where is it typically located?",A slot is a narrow vertical or inclined opening excavated in a deposit at the end of a stope (a mining excavation) to create a bench face.
What is the primary role of the mining method selection in mine development?,The selection of a mining method governs the placement of primary development openings within the mine.
What are the two main approaches to mine development progression?,Advance or retreat.
What is the key factor determining the optimal production rate in a mine?,"The optimum production rate is determined by the size of the known mineral reserve, directly impacting the mine's lifespan."
"Besides the mineral reserve, what other factors influence the optimal production rate and mine life?","Market conditions (selling price of products), mineral grade, development time, mining costs, financing, governmental support, and taxation policies all play a role."
How is the overall success of a mine's financial performance evaluated?,"By optimizing the net present value (revenue minus mining costs), which is equivalent to maximizing the internal rate of return."
What is the primary purpose of mineral deposit development?,"The main purpose is to provide access to the ore deposit, allowing miners to enter, extracted minerals to exit, and waste to be removed. This also includes preparatory work, facilities, personnel, and supporting services for the mining operation."
What are the key steps involved in developing a mineral deposit?,"The steps include planning, designing, construction, and other phases necessary for opening the deposit for exploitation."
What is the role of “preparatory work” in mineral deposit development?,"Preparatory work encompasses the various tasks and actions that support the mining process, such as establishing facilities and providing necessary personnel and services."
How are underground mines developed to access orebodies?,"In underground mines, small openings are created from the surface. These openings are extended to intersect the orebody and eventually connect to the larger exploitation openings."
What is the overall goal of the development process described?,"The overall goal is to prepare a mineral deposit for exploitation, making it ready for extraction and removal of valuable minerals."
"What is the ideal location for main access openings in a mine, and why?",The ideal location is at the centroid of the deposit. This minimizes haulage costs by positioning the main opening at the geometric center of the ore body.
What factors influence the location of mine access openings beyond the centroid?,"Beyond the centroid, considerations include the dip of the ore body, ground conditions, the number of working places, surface topography, transport routes, drainage systems, and property lines. The chosen mining method (and potential for caving or subsidence) also plays a critical role."
"How many main access openings are typically required, and what are the reasons?","At least two major openings are required for safety. Additionally, two openings at opposite extremities are usually needed to ensure unidirectional airflow for ventilation; sometimes raises and shafts are also used."
What are some of the legal and practical factors determining the number of mine openings?,"The number of openings depends on legal safety and ventilation requirements, the convenience of access to underground workings, the mine's production rate, and the spatial distribution of the mineral deposit itself."
Why is the intersection of main openings planned for the centroid of the deposit?,"Planning the intersection of main openings at the centroid minimizes the overall distance materials need to be transported within the mine, thus reducing haulage (transportation) costs."
What are the two main categories of mine openings discussed in the context of underground mine plan layout?,"The two main categories are secondary and tertiary mine openings, and specialized openings."
What is the characteristic feature of specialized mine openings in this underground mine plan?,"Specialized openings are horizontal openings that intersect vertical ones, facilitating a transition from haulage to hoisting at the shaft station."
What is the purpose of having horizontal openings intersecting vertical ones in an underground mine?,"This design allows for a transition from haulage (transporting materials horizontally) to hoisting (lifting materials vertically) at the shaft station, improving efficiency."
What type of transition is enabled by the intersection of horizontal and vertical mine openings?,The intersection facilitates a transition from haulage (horizontal transportation) to hoisting (vertical transportation) of materials.
What is the significance of the shaft station in this underground mine plan layout?,The shaft station is the point where the transition from horizontal haulage to vertical hoisting of materials occurs.
Who are the key players involved in mine development?,"Mining engineers, geologists, environmental specialists, project managers, local communities, investors, and regulators all play crucial roles."
What constitutes the process of mine development?,"Mine development encompasses the development of ore bodies, the construction of mining infrastructure and processing facilities, and the establishment of environmental management systems."
"When does mine development take place, and how long does it typically last?","Mine development unfolds across several stages: exploration, feasibility studies, construction, operational mining, and post-closure activities. The entire process spans years, even decades."
"Where are mines typically located, and what planning considerations are involved?",Mines are often situated in remote areas. Careful planning is essential to ensure access to the site and to protect the environment.
"Why is mine development undertaken, and what are its economic and social impacts?","Mine development aims to extract valuable metals, bolster economic growth, satisfy global demand for resources, and generate profits. It also has significant social and environmental consequences."
What are the three main types of mine plan layouts mentioned?,"The three main types of mine plan layouts listed are Surface, Shaft, and Underground."
What is the title of the presented information?,"The title is ""Mine Plan Layout""."
Does the image provide detailed information about each mine plan layout type?,"No, the image only lists the three types of mine plan layouts (Surface, Shaft, and Underground) without providing any detailed descriptions or explanations."
What can be inferred about the content from the title and listed items?,"The content likely describes or is related to different methods or approaches to designing and planning mine operations, categorized by location (surface, underground) or access method (shaft)."
"What kind of information might one expect to find in a complete document on this topic (""Mine Plan Layout"")?","A complete document would likely detail the specifics of each layout type (Surface, Shaft, and Underground), including design considerations, advantages, disadvantages, safety protocols, environmental impacts, cost estimations, and applicable regulations."
What is a decline in the context of mining?,"A decline is an inclined tunnel that slopes downwards at a relatively low angle (typically 10-20 degrees), its angle depending on geological conditions and mining needs. It's used to access ore deposits."
What methods are typically used to construct a mining decline?,"Declines are usually constructed using drilling and blasting techniques. However, tunnel boring machines (TBMs) can also be employed in some cases."
"At what depths are declines most commonly used, and why are they preferred in these situations?",Declines are generally used for shallower deposits and some intermediate-depth operations. They are more cost-effective than vertical shafts for shallower deposits.
What are the primary functions of a mining decline?,"The main functions of a decline are accessing ore bodies at shallow to intermediate depths, transporting miners, equipment, and materials, and providing ventilation routes for the mine."
"Besides shallower deposits, in what other mining scenarios might declines be utilized?",Declines are also employed in some intermediate-depth mining operations.
"What is the initial planning document used in mine development, and how does it evolve?",A feasibility report serves as the initial planning document. It's modifiable and adapts as the development process progresses.
What key aspects are confirmed before proceeding with mine construction?,"Before construction begins, the mining method and the overall mining plan must be confirmed."
"Where does the funding for mine development originate, and how is its amount determined?",Financing is arranged based on confirmed cost estimates derived from the feasibility report.
What land acquisition steps are necessary for mine development?,"The development requires acquiring necessary land, including mineral rights and surface areas."
What regulatory and logistical steps are taken to ensure compliance and operational readiness?,"This involves filing an environmental impact statement, obtaining mining permits (including a reclamation plan for surface mines), posting bonds according to federal and state regulations, and establishing surface access, transportation, communication, and power supply to the mine site."
When are secondary and tertiary development openings typically constructed?,Secondary and tertiary development openings are usually constructed during the exploitation phase of mining.
At what stage of mining planning are secondary and tertiary openings planned?,They are planned during the conceptual stage of the mine's design.
What are three key considerations in designing secondary and tertiary openings?,"Three key considerations are materials handling of ore, access for miners and materials, and circulation of ventilation air."
How are drifts and crosscuts positioned on a mine level for optimal efficiency?,"A minimum number of drifts and crosscuts are located in the footwall to facilitate access, haulage, and ventilation."
"What types of openings are situated between levels in a mine, and what is their purpose?","Raises, winzes, ramps, and special-purpose openings like orepasses, ventilation raises, and manways are located between levels to connect them."
What is a stope in the context of excavation?,"A stope is a large exploitation opening in an excavation, typically inclined or vertical, but it can also be horizontal."
What is the purpose of a sublevel in mining operations?,"A sublevel is a secondary or intermediate level situated between the main levels or horizons of a mine, generally near the exploitation area."
"Define a ""transfer point"" within a materials-handling system.","A transfer point is a location in the materials-handling system where bulk material is transferred between different conveyances, such as during haulage or hoisting."
How is an undercut used to facilitate extraction in mining?,"An undercut is a low, horizontal opening excavated beneath a portion of a deposit (often a stope). It's designed to induce breakage and caving of the deposit, aiding in extraction; it can also refer to a narrow kerf cut in a mineral deposit face to ease breakage."
What is the function of a grizzly in material handling?,"A grizzly is a coarse screening or scalping device that prevents oversized bulk material from entering a material transfer system. It's typically constructed from rails, bars, and beams."
What is one key advantage of using shafts in mining operations?,Shafts provide efficient access to deep ore bodies.
"Besides access, what other important infrastructure can shafts support in mines?","Shafts can support heavy transport systems, such as hoists, needed for ore extraction."
How do shafts contribute to the safety and well-being of underground miners?,Shafts allow for the installation of ventilation systems crucial for maintaining breathable air in underground mines.
What is a significant drawback associated with the construction of mine shafts?,"Shafts are expensive to construct, particularly when they need to be very deep."
What engineering considerations are paramount when designing and building mine shafts?,Significant engineering is required to ensure the structural integrity and safety of the shaft.
What is the primary factor determining the type of main access opening used in mining development?,"The type of opening used depends on the type of deposit (large, deep, flat, shallow, etc.), its geological conditions (intermediate to poor), and the desired production rate."
Under what conditions is a vertical or inclined shaft preferred as a main access opening?,"Vertical or inclined shafts are preferred for large, deep, or flat deposits, especially when conditions are intermediate to poor, and high production rates are needed. They are typically used with skip hoisting."
When is a decline used as a main access opening in mining?,"Declines are suitable for shallow, flat deposits where belt conveyors or truck haulage are used for material transport."
"What type of access opening is a drift (adit), and where is it typically used?","A drift, or adit, is a horizontal or gently sloping access opening. It's typically used for outcrops in high-relief areas with shallow covers or steeply dipping deposits."
How does the length of a drift compare to a shaft for achieving the same depth?,"To reach the same depth as a shaft, a drift must have a slope that is 3-5 times longer."
"What is the definition of ""strike"" in the context of geological deposits?",Strike is the horizontal bearing of a tabular deposit at its intersection with a horizontal surface. It's essentially the direction of the line formed where the deposit's surface intersects a horizontal plane.
"What does ""dip"" refer to in relation to a geological deposit?","Dip is the angle of inclination of a deposit, measured from the horizontal. It represents how steeply the deposit is tilted. It can also be referred to as pitch or attitude."
What is the numerical value of the dip angle shown in the diagram?,The dip angle illustrated in the diagram is 18°.
What is the purpose of the compass rose in the lower left of the diagram?,"The compass rose shows the orientation of the strike line relative to north (N). In this case, the strike line is oriented at 45° relative to north."
How is the strike and dip of a deposit typically represented on a geological map?,Strike and dip are usually shown using a symbol that includes a short line (strike line) with a short line perpendicular to it that indicates the dip direction and includes the angle of the dip.
What are the three main categories of underground development openings?,"The three categories are Primary, Secondary, and Tertiary openings."
What is the purpose of Primary openings in underground mining?,"Primary openings are the main access points to the underground mine, examples being shafts."
Give examples of Secondary openings and their purpose.,"Secondary openings, such as drifts and entries, create levels or zones within the mine to access the ore body."
"What type of openings are ramps and crosscuts, and what is their function?",Ramps and crosscuts are Tertiary openings; they provide lateral or block connections within the underground mine.
What is the overall objective of the underground development openings shown?,"The objective is to connect the surface with the exploitation openings located underground, enabling extraction of resources."
What are the initial steps involved in the development phase of mining?,"The initial steps include opening deposits and constructing shafts (vertical and inclined), declines, and adits."
What is the purpose of cross-cuts in mine development?,"The text doesn't explicitly state the purpose of cross-cuts, only that they are part of the development process. Their purpose would be to provide horizontal connections between different parts of the mine, such as between shafts and levels."
How is an orebody typically organized for efficient mining?,An orebody is divided into levels and blocks for organized and efficient extraction.
"What is meant by ""level interval"" in the context of mining?","The text does not define ""level interval,"" but it's likely the vertical distance between the levels created in the orebody's division."
What are two methods mentioned for creating vertical access in a mine (raises)?,Conventional and raise boring machine methods are mentioned for driving raises (creating vertical passages).
What are the main factors influencing main access openings in mining?,"The main factors are the depth, shape, and size of the ore deposit; surface topography; the natural and geologic conditions of both the ore and the overlying waste; the mining method employed; and the desired production rate."
How does the size and shape of an ore deposit affect main access openings?,"The depth, shape, and size of the ore deposit directly influence the design and location of main access openings. Larger and more irregularly shaped deposits may require more extensive and complex access systems."
Why is surface topography a significant factor in determining main access openings?,Surface topography significantly impacts the feasibility and cost of constructing access openings. Steep slopes or other challenging terrain can make construction more difficult and expensive.
In what way do geological conditions influence the design of main access openings?,"The natural and geologic conditions of the ore and the overlying waste (e.g., rock strength, presence of water) dictate the engineering challenges and the methods required to safely and effectively create access to the orebody. Unstable geology may necessitate more robust and carefully designed openings."
How does the chosen mining method affect main access opening design?,"Different mining methods (e.g., open-pit, underground) require vastly different types of main access openings. Open-pit mining might involve ramps and haul roads, while underground mining may use shafts, declines, or adits. The production rate also influences the size and capacity of the access points needed."
What factors determine the shape and size of main access openings?,"The shape and size of openings are determined by the function of the opening, the method of construction, and the materials handling system used."
"What shapes are typically used for openings created by drilling and blasting, and mechanical excavation?",Drilling and blasting typically creates rectangular openings. Mechanical excavation usually results in circular or elliptical openings.
"What are the advantages of round and rectangular openings, respectively?",Round openings are advantageous from a rock mechanics and ventilation perspective. Rectangular openings are preferred for efficient space utilization and are better suited for hoisting systems.
How does the size of an opening relate to production rates?,The size of the opening is directly related to material handling; larger openings generally lead to higher production rates.
"Besides the shape and size of openings, what other crucial design aspect is mentioned for main access openings?",The design of the materials-handling system is another critical aspect of main access opening design.
What is the term for the roof or top of an underground excavation?,"The term for the roof or top of an underground excavation is ""Back"" or ""Roof""."
What is capping in the context of mineral deposits?,Capping refers to the waste material that overlies a mineral deposit.
What is the difference between the footwall and the hanging wall in a mineral deposit?,"The footwall is the wall rock located underneath the deposit, while the hanging wall is the wall rock situated above the deposit."
"What is meant by ""country/wall rock"" in relation to a mineral deposit?",Country/wall rock refers to waste material found adjacent to a mineral deposit.
What is the term for the floor or underlying surface of an underground excavation?,"The term for the floor or underlying surface of an underground excavation is ""Bottom"" or ""Floor""."
"What does the term ""Inby"" refer to in mining terminology?","Inby means moving toward the working face of a mine, away from the entrance."
"How is the term ""Outby"" defined in the context of mine workings?",Outby signifies movement away from the working face and towards the mine entrance.
"What is the meaning of ""Breast"" in relation to mining operations?","""Breast"" refers to the advancing in a near-horizontal direction during mining; it also denotes the working face of an opening."
"If miners are working ""Overhand,"" what direction are they progressing?","When miners are working ""Overhand,"" they are advancing in an upward direction."
"What type of mining progression is described by the term ""Underhand""?","""Underhand"" describes mining progression in a downward direction."
What is the primary function of a cross-cut in underground mining?,"A cross-cut connects various tunnels or workings within a mine, serving as essential routes for accessing ore bodies, ventilation, and transportation."
How do cross-cuts facilitate access to ore bodies?,"Cross-cuts are driven from a main drift or tunnel, cutting through the rock horizontally or slightly inclined to intersect and provide access to the ore vein or body."
What role do cross-cuts play in mine ventilation?,"By connecting different parts of the mine, cross-cuts allow air to circulate, improving ventilation, especially in deeper and more remote areas."
How are cross-cuts utilized for transportation in underground mines?,"Cross-cuts establish transportation routes for the movement of ore, waste, materials, miners, machinery, and supplies between different sections of the underground mine workings."
In what type of mining operation are cross-cuts typically used?,Cross-cuts are typically used in underground mining operations.
What is a lateral in the context of excavation?,"A lateral is a secondary or tertiary horizontal opening, often parallel or at an angle to a haulageway, primarily used for ventilation or other auxiliary services."
How is a level defined in mine excavation?,"A level is a system of interconnected horizontal openings connected to a shaft, forming the operating horizon of a mine."
What is the function of a loading pocket in a mine shaft?,"A loading pocket serves as a transfer point at a shaft where bulk material is loaded into a skip using bins, hoppers, and chutes."
Describe a longwall in terms of its dimensions and typical location.,"A longwall is a horizontal exploitation opening extending several hundred feet (meters) in length, commonly found in tabular deposits."
What is the purpose of a manway in a mine?,A manway is a compartment within a raise or vertical/near-vertical opening designed for the safe passage of personnel between different levels of the mine.
What is a stope in mining terminology?,"A stope is the broken, caved, and mined-out portion of a mineral deposit."
What is the function of a pillar in underground mining?,A pillar is an unmined portion of the deposit that provides support to the roof or hanging wall of an excavation.
How is a crown pillar defined in relation to an excavation?,A crown pillar is a portion of the deposit that overlies an excavation and is left in place to provide support.
"What is a sill pillar, and where is it located?",A sill pillar is a portion of the deposit that underlies an excavation and is left in place as a support structure.
What is a rib in the context of mining excavations?,"A rib is the side wall of an excavation; it can also refer to a rib pillar, a pillar supporting the side wall."
What is the defining characteristic that distinguishes an adit from a tunnel?,"An adit has a single access point to the surface, while a tunnel has access points at both ends."
"How are declines and inclines similar, and how do they differ?","Both declines and inclines are secondary inclined openings used to connect levels within an excavation. Declines are driven downward, while inclines are driven upward."
What is a drift in the context of underground excavation?,A drift is a horizontal or near-horizontal opening (primary or secondary) that runs parallel to the strike of a sloping deposit.
What is the purpose of an entry in underground mining?,"Entries are secondary horizontal or near-horizontal openings, often created in multiples, to access different parts of an underground excavation."
What is a portal in relation to underground excavations?,A portal is any opening or connection that provides access from an underground excavation to the surface.
What is a key cost advantage of using adits for ore extraction?,Adits are cost-effective for extracting ore from shallow ore bodies.
How can adits facilitate ore extraction?,Adits allow for direct extraction of ore that is close to the surface.
What is an environmental advantage of using adits compared to deeper mines?,Adits often benefit from better natural ventilation than deeper mines.
What is a major limitation of using adits for ore extraction?,Adits are only suitable for shallow ore bodies; their depth of penetration is limited.
What type of ore bodies are adits best suited for?,"Adits are best suited for shallow ore bodies, those exposed or close to the surface."
What is a crosscut in the context of excavation?,"A crosscut is a tertiary horizontal opening that often connects drifts, entries, or rooms. It's oriented perpendicularly to the strike of a deposit and can also serve as a breakthrough."
What is the primary purpose of a haulageway?,A haulageway is a horizontal opening used mainly for materials handling.
How does a bell function in an excavation?,A bell is a funnel-shaped excavation at the top of a raise. It uses gravity to move bulk material from a stope to a drawpoint.
What is the role of a bleeder in excavation?,A bleeder serves as an exhaust ventilation lateral.
What is a finger raise and how does it work?,"A finger raise is a vertical or near-vertical opening used to transfer bulk material from a stope to a drawpoint. Often, finger raises are interconnected."
What is the primary method of support shown in the image for the mining operation?,"Bolting is the primary support method shown, where rock bolts are inserted into the rock face to reinforce it and prevent collapse."
What is the purpose of the rock bolts in this mining context?,"The rock bolts reinforce the rock mass, strengthening it and controlling potential rock bulking (the expansion of rock volume after excavation), which helps to maintain the stability of the mine walls."
How does the mining process proceed in relation to the support system?,"Mining continues in slices, with support (bolting) implemented to maintain stability as each slice of ore is extracted. The mining continues until the entire ore slice is removed."
What are the key functions of the support system as illustrated in the diagram?,"The support system, primarily through bolting, works to retain the rock mass in place, hold back rock loads and stresses that might cause instability, and reinforce the rock to control bulking and maintain stability."
What does the diagram (i) illustrate about the interaction between the support system and the rock mass?,Diagram (i) shows how the rock bolts both retain the loosened rock and reinforce the rock mass by controlling stresses and preventing excessive movement or collapse.
What are the two main categories of mining methods shown?,The two main categories are Surface mining and Underground mining.
List three examples of surface mining techniques.,"Three examples are Quarrying, Augering, and Open Cast Mining."
What are the three types of underground mining methods mentioned?,"The three types are Unsupported, Supported, and Caving."
What is one primary factor considered when selecting a mining method?,One primary factor is optimizing the rate of production.
"Besides production rate, what are two other key economic considerations when choosing a mining method?",Two other key economic considerations are optimizing net present value and generating the maximum internal rate of return.
What is the focus of the Conceptual Study phase in mine planning?,The Conceptual Study assesses the physical characteristics of the mine site and the output quantities achievable using various mining methods.
What is the primary goal of the Engineering Study phase?,"The Engineering Study quantifies and compares different concepts, leading to firm designs and cost estimations for the mine project."
What deliverables are produced during the Detailed Design Study?,The Detailed Design Study generates the drawings and specifications necessary for the construction and mineral exploitation phases of the mine.
How do the three stages of mine planning relate to each other?,"The three stages are sequential. The Conceptual Study provides the foundation, the Engineering Study refines the concepts into designs and costs, and the Detailed Design Study provides the blueprints for construction and operation."
What is the overall purpose of the mine planning process illustrated?,"The purpose is to systematically plan a mine from initial concept to detailed design, ensuring efficient and feasible mineral extraction."
What are the three main variations of Room and Pillar mining shown in the image?,"The image depicts Classic Room and Pillar, Post Room and Pillar, and Step Room and Pillar mining methods."
What is the difference between Classic and Post Room and Pillar methods?,"In Classic Room and Pillar, pillars are left throughout the mining area in a regular pattern. In Post Room and Pillar, pillars are placed strategically after initial extraction of ore, allowing for larger extraction areas."
What mining method is depicted as suitable for a narrow vein with a steep dip?,"The image shows Narrow Vein mining with a steep dip, utilizing longhole drilling, charging, blasting, and mucking-out techniques."
What are the stages shown in the VCR (Vertical Crater Retreat) Mining method?,The VCR method is illustrated in two stages: Primary Stopes (initial extraction) and Secondary Stopes (subsequent extraction after backfilling the primary stopes).
What is the purpose of backfilling in VCR Mining – Secondary Stopes?,"Backfilling in the VCR method's secondary stope stage provides ground support and stability, making it possible to safely extract additional ore from beneath the primary stope which has been filled."
What is the process depicted in the image?,"The image shows mining in subsequent levels, illustrating how mining operations progress from one level to another, with backfilling used to support the upper levels."
What is the purpose of the backfilled stope?,"The backfilled stope provides support and stability to the upper levels of the mine after extraction is complete at that level, preventing collapses."
How are the different mining levels accessed in this diagram?,The image shows inclined ramps or tunnels (the purple structures) providing access to different levels of the mine.
What is indicated by the yellow vehicles in the image?,The yellow vehicles represent mining equipment operating at the different levels within the mine. These are likely involved in the excavation and transportation of mined material.
"What is the significance of ""Development at a Lower Level""?","""Development at a Lower Level"" indicates the preparatory work (tunneling, etc.) being undertaken to access and prepare for mining operations at a new, lower level below the level already mined."
What is the purpose of long grouted cables in the shown rock support method?,Long grouted cables provide support to the stope back and help to prevent rockfalls from the next lift after blasting. They resist tensile forces.
What role does backfill play in the depicted rock support systems?,"Backfill provides support to the hangingwall and helps to distribute the load, preventing failure surfaces from developing."
How do rockbolts contribute to rock support in these examples?,"Rockbolts are installed into the rock mass to reinforce it, providing shear resistance and helping to prevent horizontal cracking and overall roof failure."
What are the different types of stresses indicated in the diagram showing a cable under load?,"The diagram shows that cables are subject to confining pressure (pressure from surrounding rock), radial displacement (rock movement around the cable), and the cable itself resists these forces by developing a tensile force."
What is the significance of the joint set parallel to the hangingwall in the final diagram showing support?,"The parallel joint set indicates the orientation of natural fractures in the rock. The cable placement is specifically designed to intersect and support the rock along this potentially unstable plane, thus preventing failure along the hangingwall."
What is the primary focus of the presentation?,"Performance monitoring in steel, concrete, and rock mass structures."
What key parameters are of interest to engineers when monitoring these structures?,"Displacement, load stress, strain, seepage/water pressure, vibration and air overpressure (due to blasting and earthquakes), seismicity, uplift pressure, temperature, environmental conditions, and alignment and tilt."
What is the main challenge in performance monitoring of rock mass structures?,"The presence of numerous unknown parameters, some of which require laboratory or in-situ determination, making assumptions necessary."
"In steel and concrete structures, what behavioral characteristics are typically known to designers?","Strength, deformation, and thermal properties."
What is illustrated by the diagrams of the layers of earth moving in opposite directions and a weight?,"The concepts of displacement and load, which are key aspects of performance monitoring."
What are the three defining characteristics of a mineral?,A mineral is a naturally occurring substance with a definite chemical composition and distinct physical characteristics.
What are some examples of base metals?,"Base metals include copper, lead, zinc, and tin."
What are some examples of industrial minerals?,"Industrial minerals include phosphate, potash, stone, sand, gravel, sulfur, salt, and industrial diamond."
"Besides coal and oil, what are some examples of marginal sources of mineral/fossil fuels?","Marginal sources include lignite, oil shale, tar sand, and coalbed methane."
"What is a metalliferous mine, according to the MMR (1961) definition?",A metalliferous mine includes every mine other than a coal or an oil mine.
What is the process depicted in the image called?,"The process is called shotcreting, which is also referred to as concrete spraying."
What is the purpose of shotcreting as shown in the image?,"The image shows shotcreting being used to apply a layer of concrete to a rock face, likely for stabilization and support."
What type of equipment is used in shotcreting?,"The image shows two types of equipment: a large machine on tracks that sprays the concrete (a shotcrete machine), and a smaller, hand-held nozzle for more precise application in tight areas."
What is the material being sprayed in the image?,The material being sprayed is concrete. The image highlights the application of wet-mix shotcrete.
What appears to be the purpose of the diamond-shaped pattern on the sprayed concrete in the main image?,The diamond-shaped pattern likely represents reinforcement or anchors embedded in the wet concrete to improve its adhesion and overall stability to the rock face.
What is the process illustrated in the image?,"The image illustrates the process of blasting, a method used to break up a material (like rock) using explosives."
"What is the ""muck"" in the context of this image?","The ""muck"" refers to the fragmented material, or debris, resulting from the blasting operation."
What is the direction of the blast indicated in the image?,"The arrow indicates that the throw direction of the blasted material is to the right, away from the source of the explosion."
What is the purpose of blasting as shown in the image?,"The purpose is to fracture and remove a section of material (the dark-colored section), creating fragmented pieces (the muck)."
What does the pattern of small diamonds on the yellowish material represent?,The small diamonds likely represent the placement of explosives or boreholes in the material prior to blasting. They show a relatively uniform distribution.
What spatial characteristics of a deposit are considered in planning mining methods?,"Size (dimensions) and shape (tabular, lenticular, massive, or irregular) of the deposit, as well as its attitude (inclination and dip) and depth (mean, extreme values, and stripping ratio) are all important considerations."
What geologic and hydrologic conditions influence mining method selection?,"Mineralogy, petrography, and chemical composition (primary and by-product minerals) of the deposit, its structure (folds, faults, discontinuities, and intrusions), planes of weakness (joints, fractures, and cleavage), uniformity, alteration, weathering, and groundwater conditions (occurrence, flow rate, and water table) all play significant roles."
How do geotechnical properties of soil and rock affect mining method selection?,"The elastic properties (strength, modulus of elasticity, and Poisson's ratio), plastic or viscoelastic behavior (flow and creep), state of stress (original and modified), consolidation, compaction, competence, and physical properties (specific gravity, voids, porosity, permeability, and moisture content) all need to be considered."
What is the importance of groundwater in mining planning?,"Groundwater's occurrence, flow rate, and the location of the water table are crucial for planning because they can significantly impact mining operations, potentially leading to issues like flooding or the need for dewatering systems (as shown in the diagram)."
What are some examples of deposit structures that affect mining planning?,"Folds, faults, discontinuities, and intrusions within the deposit are structural features that influence mining method selection. These features can affect stability, access, and the overall feasibility of different mining approaches."
What is the primary purpose of instrumentation in engineering projects?,"Instrumentation provides data that assists engineers throughout every stage of a project, from initial site investigation to final performance evaluation. A successful program defines the purpose of installing instruments and implements decisions based on data interpretations."
What are the four main stages of how an instrument works?,An instrument works in four stages: 1) A sensor/detector responds to changes in the monitored variable; 2) a transmitter sends this data to a read-out location; 3) a processor converts the data into usable form; and 4) a data acquisition system/read-out unit presents this data to the engineer.
What are some examples of technologies or working principles used in instrumentation?,"Instrumentation utilizes various technologies, including mechanical, optical, hydraulic & pneumatic, and electrical principles."
At what stages of a project is instrumentation data utilized?,"Instrumentation data is used in all project phases: site investigation, design verification, construction control, quality control, safety assessments, legal protection considerations, and final performance evaluation."
What key specifications are considered when evaluating the quality and reliability of instrumentation?,"Key specifications include sensor type, range, resolution, accuracy, precision, conformance, robustness, and reliability."
What is the name of the transportation system depicted in the image?,"The image shows a transportation system used in mining, specifically within a backfilled stope. The specific name isn't explicitly given but it appears to be a ramp-based system."
What is the role of the LHD (Load-Haul-Dump) in this system?,"The LHD is responsible for mucking, which is the process of loading and transporting the extracted material (ore) from the backfilled stope."
What is the purpose of the backfilled stope?,The backfilled stope is the area where mining is occurring. The backfilling likely refers to a method of filling the void created after ore extraction to maintain mine stability.
What is the function of the ramp in this mining operation?,The ramp serves as an inclined roadway or passageway for the LHD to transport material up or down levels within the mine.
"What does ""LPDT"" likely stand for in the context of this image, and what is its purpose?","While not explicitly defined, LPDT likely represents a type of equipment or system related to drilling or transportation within the mine. Its exact function in the depicted system isn’t fully specified within the image. It appears to be part of the larger transportation infrastructure."
"How are ore bodies mined using the ""Ore Slices"" method?","Mining is carried out in horizontal slices along the ore body, starting from the bottom slice and progressing upwards."
"What is the mining sequence in the ""Ore Slices"" method?","It follows a bottom-up sequence, meaning the bottom slice is mined first, and then subsequent levels are mined in ascending order."
"What happens to the excavated area in the ""Ore Slices"" method?","The excavated area is backfilled, which means it is filled with material after mining is completed at that level."
"Does the ""Ore Slices"" method involve continuous production?","Yes, production continues upwards as each level is mined and backfilled."
"What is a variation of the ""Ore Slices"" method mentioned?",A variation is the underhand cut and fill method.
What material is used for backfilling in the depicted mining method?,"Mine waste, such as mill tailings or waste rock from development, can be effectively utilized as backfill material."
What is the purpose of the fill pipes in this backfilling process?,The fill pipes deliver the fill material into the void left after blasting.
"What is the role of the ""Fill Wall"" in the diagram?",The fill wall forms a stable platform for mining operations at the next level.
What happens to the void left after blasting rock in this slice mining technique?,The void created by blasting is maintained and filled using fill material.
What is the overall result of this backfilling technique regarding the mining operation?,The backfilled slice becomes a stable working platform for mining at the next level.
What significant development in mining technology occurred in the middle of the 19th century?,"The search for and development of mechanical mining equipment began, along with new drilling techniques."
What advancements are depicted regarding rock tools and materials in the image?,"The image shows improvements in the design and composition of rock tools, suggesting enhanced durability and efficiency."
What type of equipment became prevalent in the early 20th century in mining?,Electro-hydraulic equipment became prominent in mining during the early 20th century.
What technological advancements are characterizing the 21st-century mining industry?,The use of Artificial Intelligence and automation is booming in the 21st century's mining operations.
What is illustrated in the image representing the middle of the 19th century?,"A photograph shows an early mechanical drilling rig, representing the beginning of the shift towards mechanized mining."
What is the process depicted in the image?,The image shows the blasting and removal of material from upper slices in an underground mining operation. Production continues until the stope is complete.
What is the purpose of blasting in this context?,"Blasting is used to break up and loosen the rock material in the upper slices of the mine, allowing for its removal and transportation."
How does production continue after the initial blasting?,A new access drive is created from the ramp to allow continued production from the upper stopes after the initial section is blasted and removed.
Until when does production from the slices continue?,Production from the slices continues until the entire stope (the area being mined) is completed.
What is the role of the ramp in this mining operation?,The ramp serves as an initial access point and a starting point for creating new access drives to continue production from upper stopes.
"How many major commodity minerals are being mined worldwide, according to the data from 2019?",Over 70 major commodity minerals are being mined worldwide (WMP@2019).
What is the total value of India's mineral production for the fiscal year 2021-22?,"The total value of India's mineral production for FY 2021-22 was approximately Rs. 1,90,389 crores (MoM AR21)."
"How many minerals does India produce, and what are their classifications?","India produces 95 minerals, categorized as 4 fuel, 10 metallic, 23 non-metallic, 3 atomic, and 55 minor minerals."
"What percentage of the world's mineral production does India contribute, based on the provided Gigatons data?",India contributes 7.14% of the world's mineral production based on the Gigatons data presented.
What is the projected development length (in km) by Fiscal Year 2027?,The projected development length by FY 2027 is 326.94 km.
What is the process depicted in the image?,"The image depicts the process of scaling, which involves removing loose or unstable rock from a surface, such as a mine wall or tunnel."
What type of equipment is used in the scaling process shown?,"A specialized scaling machine, a type of remotely operated vehicle (ROV), equipped with a long arm and a breaking mechanism is used to dislodge unstable rock from a distance."
What is the purpose of the yellow material on the wall?,The yellow material appears to be a protective layer or a support structure installed on the rock wall. Its purpose is likely to prevent rock falls or to reinforce the overall stability of the rockface.
What does the colorful pattern on the large rock indicate?,The multicolored sections on the large rock likely represent different levels of stress or structural weakness within the rock. This helps identify areas requiring scaling.
Why is scaling important in the context of this image (likely mining)?,"Scaling is crucial for mine safety. Removing loose rock prevents potentially dangerous rockfalls and collapses, protecting workers and equipment."
What is the main topic illustrated in the diagram?,"The diagram shows a post-mining scenario, specifically illustrating the arrangement of pillars and backfilled stopes after mining operations."
What are the two types of pillars shown in the post-mining scenario?,The image shows Crown Pillars and Sill Pillars.
What material fills the spaces between the pillars in the diagram?,"The spaces between the pillars are backfilled with stopes (likely a mixture of waste rock, tailings, and/or other materials)."
What are the primary concerns highlighted in the post-mining scenario?,The main concerns are the stability of the pillars and potential surface subsidence.
What is a stope in the context of this mining scenario?,"In this context, a stope refers to an area where ore has been extracted, and in this post-mining scenario, it is the area that is filled with backfill material."
What are some key economic considerations in mining method selection?,"Economic considerations include reserves (tonnages and grades), production rate (output per unit time), mine life (operating period for development and exploitation), productivity (output per unit of labor and time), and comparative mining costs of suitable methods."
How do technological factors influence mining method selection?,"Technological factors include mine recovery (portion of deposit actually extracted), dilution (amount of waste produced with ore), the selectivity of the method to distinguish ore and waste, concentration or dispersion of workings, and the flexibility of the method to adapt to changing conditions. Capital, labor, and mechanization intensities are also important technological considerations."
What environmental concerns must be addressed when choosing a mining method?,"Environmental concerns encompass physical, social-political-economic climate impacts, ground control measures, subsidence or caving effects on the surface, and atmospheric control (ventilation, quality control, heat and humidity control). Workforce considerations (recruitment, training, health and safety, living conditions, and community impact) are also crucial environmental factors."
"What is ""mine recovery"" in the context of mining method selection?",Mine recovery refers to the portion of the ore deposit that is actually extracted during the mining process.
"What is meant by ""dilution"" in mining operations?",Dilution is the amount of waste material (such as barren rock) that is extracted along with the desired ore.
What is the process depicted in the image?,"The image shows the loading (or mucking) stage of underground mining, where broken ore is collected and transported."
What type of equipment is used for loading the blasted ore?,A Load-Haul-Dump (LHD) machine is used to load the broken ore.
What is the term used to describe the process of removing broken ore?,"The process of removing the broken ore is called ""mucking""."
"What is the ""blasted face"" in the context of this image?","The ""blasted face"" refers to the freshly exposed rock surface after a blasting operation in the mine."
Where is the broken ore transported after it is loaded?,The loaded ore is transported to either trucks or an ore pass for further processing or transport out of the mine.
What is the method shown for extracting ore from the depicted level?,"The image shows a slice-by-slice method. Ore is extracted from horizontal slices or levels using blasting, progressing from one slice to the next."
"What is the purpose of the ""cross cut"" shown in the image?",The cross cut provides access for blasting and ore removal within a specific level or slice.
What is indicated by the yellow lines in the image?,The yellow lines represent the boundaries of a level or slice being mined.
"What does the term ""Mined out Slice-1"" signify?","This indicates that the first slice (or level) has been completely mined, with all the ore removed."
What is the role of blasting in this mining operation?,"Blasting is used to fracture and break up the ore within each slice, allowing for its extraction."
What is the purpose of the backfilled stopes in the diagram?,"The backfilled stopes represent areas in a mine that have been filled after mining operations, providing support and preventing ground instability."
"Where do rock stresses increase significantly, according to the diagram?",Rock stresses increase significantly in the crown pillar (the pillar of rock above the mined area).
"What is the area labeled ""Zones of Stress Redistribution""?",This area shows where the stresses in the rock mass are being redistributed due to the mining and backfilling operations.
How are the stresses represented visually in the diagram?,"The stresses are visually represented by the color intensity; darker/redder colors indicate areas of higher stress, while lighter/cooler colors indicate areas of lower stress."
What is a crown pillar in the context of this image?,A crown pillar is the remaining pillar of rock left above a mined-out area to support the overlying rock and prevent collapse.
What is the purpose of back slashing in the context of the image?,Back slashing provides access to upper slices within the stope (likely a mining operation).
What does the red arrow in the image indicate?,"The red arrow shows the direction and location of the back slashing cut, creating access to higher levels of the stope."
What appears to be depicted in the image?,"The image seems to be a cross-section or schematic representation of a mining stope, showing a method of access (back slashing) to upper levels."
What type of mining method is likely being illustrated?,"The image suggests some form of underground mining, where the ore body is extracted in horizontal or sub-horizontal slices (layers)."
What is a stope in mining?,A stope is an underground excavation where ore is extracted. The image shows a method of accessing different levels (slices) within a single stope.
What are the two main categories of underground mining methods shown in the table?,The two main categories are Unsupported and Supported methods.
Which unsupported mining method is best suited for strong ore and strong rock strength?,Stope and Pillar is best suited for strong ore and strong rock strength among unsupported methods.
What is the preferred deposit shape for the Longwall mining method?,The preferred deposit shape for the Longwall method is Tabular.
Which method is most suitable for deposits that are shallow to moderate in depth and have a moderate to high ore grade?,"Several methods could be suitable, but Cut and Fill is explicitly mentioned in the table as having a moderate depth and a fairly high ore grade."
What is a key difference in deposit size requirements between Sublevel Caving and Block Caving?,"Sublevel Caving prefers large, thick deposits, while Block Caving requires very large, thick deposits."
What are the two main categories of underground metal mining methods shown in the diagram?,"The diagram shows ""Open Stope"" and ""Filled Stope"" methods as primary categories, with further sub-categories under each. There is also a ""Shrinkage Stope"" and ""Caving"" method shown."
What are some examples of open stope mining methods?,"Examples of open stope mining methods include breast stoping (with variations like herringbone and scattered pile), room and pillar, and underhand methods (like Cornish and glory hole). Overhand methods like sublevel stoping are also included."
What is the difference between narrow vein and wide vein methods within the context of filled stope mining?,"The filled stope method adapts to the ore body's width. ""Narrow vein"" methods are used for thinner ore deposits, while ""wide vein"" methods are employed for thicker ones. Specific techniques like cut and fill are adapted accordingly."
What are the primary timbering methods illustrated for filled stopes?,"The diagram shows ""Square Set"" and ""Creep Set Timbered"" as timbering methods used to support the excavation in filled stope mining. There is also a ""Rill Face"" method shown."
What are the different types of caving methods depicted?,"The image shows three types of caving methods: top slicing, sub-level caving, and block caving. These methods involve controlled collapse of the ore body for extraction."
What was the primary mining technique used in the Stone Age?,"Prehistoric hominids primarily used loose rock for digging, and practiced thermal-stress methods."
What significant technological advancement occurred in the Iron Age (2nd Millennium BC)?,"The introduction of iron tools allowed for the digging of deeper holes, extending beyond natural cracks."
For how long was the pick and wedge method the dominant mining technique?,The pick and wedge method was the primary mining technique for three centuries.
What era of mining technology preceded the widespread use of machinery?,"The era of hand-labour, characterized by manual hammering, lasted until the early 19th century."
What period marked the end of the late Iron Age mining techniques?,The Late Iron Age mining techniques lasted until the beginning of the Industrial Revolution.
What is the purpose of the ventilation duct shown in the image?,"The ventilation duct is designed to remove toxic fumes generated during mining operations, ensuring a safer environment for workers."
What are the toxic fumes shown in the image emanating from?,The toxic fumes are shown emanating from the muck pile (broken rock and ore) resulting from the mining process.
"What is the material labeled ""muck"" in the image?","""Muck"" refers to the broken rock and ore that is extracted during mining activities."
How does the ventilation system work according to the image?,"The ventilation system uses a duct to draw air from the mine face, removing the toxic fumes generated by the mining process and directing them away from the workers."
What is the potential hazard depicted in this diagram?,"The potential hazard is the presence of toxic fumes generated from the muck pile, posing a health risk to miners if not properly ventilated."
What are the two main processes depicted in the image?,The image shows the drilling and charging processes in what appears to be a mining or excavation operation.
What type of equipment is used for the drilling process?,"A large, yellow, specialized drilling machine mounted on a tracked chassis is used for drilling. It appears to be a boom-type drill."
What is the purpose of the drilling process shown?,"The drilling process creates holes in the rock face to prepare it for the next stage, which is charging (likely with explosives)."
What is depicted in the lower right section of the image?,"The lower right shows the charging process, where explosives or other blasting agents are likely being placed into the pre-drilled holes. A smaller vehicle with an elevated platform is involved, suggesting manual placement of the charge."
What protective measure is visible in the image?,"A protective lining or support system (the yellow material with diamond-shaped patterns) is present on the tunnel walls, presumably to enhance safety and stability during the drilling and blasting operations."
What are the three underground metal mining methods depicted in the image?,"The image shows Sublevel Open Stoping, Big Hole Open Stoping, and Cut and Fill mining methods."
Describe the process of Sublevel Open Stoping as shown in the diagram.,"In Sublevel Open Stoping, long-hole drilling and blasting are used to create a stope. Undercut fan blasting further loosens the ore, which is then loaded into a transport drift via a loading crosscut at the draw point."
How does Big Hole Open Stoping differ from Sublevel Open Stoping in terms of ore extraction?,"Both methods use long-hole drilling and blasting, but Big Hole Open Stoping typically involves a larger, single stope, whereas Sublevel Open Stoping uses multiple levels and smaller stopes for a more controlled extraction process."
What is the role of hydraulic sandfill in the Cut and Fill method?,"Hydraulic sandfill is used to fill the mined-out void in the Cut and Fill method, providing support for the surrounding rock and allowing for the creation of subsequent levels."
What is the purpose of the ventilation tube in the Cut and Fill method diagram?,"The ventilation tube provides fresh air and removes exhaust fumes from the underground workings, ensuring the safety of the miners."
What is the typical range of ore body width for this type of deposit?,"The width is typically narrow to moderate, ranging from 2 meters to 40 meters."
How would you characterize the strength of the ore itself in this context?,"The ore strength is moderate to strong, but less competent than what unsupported mining methods could handle."
Describe the typical shape and continuity of ore deposits under these conditions.,"The deposits are typically tabular, irregular, and discontinuous in shape."
What is the range of depth at which these ore bodies are typically found?,"These ore bodies are found at moderate to deep depths, ranging from less than 1.2 kilometers to 2.4 kilometers."
"How steep is the typical dip angle of these ore deposits, and are there any exceptions?","The typical dip angle is moderate to fairly steep (35° to 90°). However, flatter deposits can occur if the ore passes are steeper than the angle of repose."
What are two methods shown for accessing an ore body?,The image depicts access via a shaft and a ramp.
What is the term used to describe the horizontal sections or layers shown within the ore body?,The horizontal sections within the ore body are referred to as Levels/Slices.
What is the purpose of the cross-cut shown in the image?,"The cross-cut provides a method of horizontal access through the ore body, allowing for extraction from multiple levels."
What is the term for the overall mass of ore being depicted?,The overall mass of ore is referred to as the Ore Body.
What is the structural difference between a shaft and a ramp used to access the ore?,"A shaft is a vertical passage, while a ramp is an inclined or sloped passage."
What is a key advantage of this mining method in terms of production?,It offers moderate productivity (10 to 20 tons per employee per shift) and a moderate production rate suitable for moderate-scale operations.
How does this method handle waste materials?,"The method permits good selectivity and sorting, and waste materials can be used as fill. Surface waste can also be disposed of underground as fill."
What is a significant cost disadvantage associated with this mining method?,"A fairly high mining cost is a disadvantage, compounded by the costly handling of waste (approximately 50% of the total mining cost)."
What are some challenges related to the operational aspects of this method?,"Filling complicates the production cycle, causing discontinuous production. The method also tends to be labor-intensive, requiring skilled miners and close supervision, and necessitates providing stope access for mechanized equipment."
What is a potential risk associated with the fill material used in this mining method?,The compressibility of the fill material poses a risk of ground settlement and instability.
What are some locations where copper mining takes place?,"Copper mining is mentioned in Magma, Arizona; Surda Mine, HCL, India; and Mt. Isa, Australia."
"Where is a significant gold mine located, according to this list?",The Homestake mine in South Dakota is listed as a location for gold mining.
In which Canadian province are nickel mines mentioned?,"Nickel mines are located in Sudbury, Ontario, Canada."
What is the location of a silver mine listed in the applications section?,"A silver mine is located in Star, Idaho (ID)."
"Besides the locations listed for other minerals, in which country does this slide list uranium mining?","The slide mentions uranium mining in India, specifically at UCIL."
